Review voor fotograaf:,Review datum,Review geschreven door,Review tekst,Sterren uit 5,Source
alexbijvankfotografie@gmail.com,2026-05-29,Hannah Harris - Schüco UK,"Just looked at your website, your work is stunning.",5,via LinkedIn
alexbijvankfotografie@gmail.com,2026-01-19,André - DOIJ,"Geweldige foto’s Alex, binnenkort op de site van DOIJ te zien. Dat er nog maar vele mogen volgen! Fijn om weer samen te werken!",5,via de website van de beeldmaker
angelavanzoest@hotmail.com,2026-01-13,Fedor - Houtstadt,"Elke keer als ik een mooi meubel of grote klus heb opgeleverd, huur ik Angela in om er mooie foto's van te maken. Ze denkt heel goed met mij mee hoe ze deze dan het beste vast kan leggen, en hoe de foto's het beste passen bij wat ik met mijn merk wil uitstralen. Ze is echt een vakvrouw wat dit betreft! Buiten de hoge kwaliteit foto's en snelle levering, kun je ook nog ontzettend met haar lachen. En dat maakt het sowieso altijd een plezierige ervaring om haar erbij te hebben. Wil je ook mooie professionele foto's die bij jou merk passen, dan zou ik haar zeker bellen!",5,via de website van de beeldmaker
angelavanzoest@hotmail.com,2025-12-16,Niels,"Angela heeft meerdere malen prachtige productfoto’s van mijn creaties gemaakt.
Professionele foto’s en ook een erg fijn mens om mee samen te werken. Een topper dus!",5,via de website van de beeldmaker
biecki.biecki@gmail.com,2026-02-19,Leidy G.,Biecki photography maakte zeer professionele foto’s voor mijn studio. Hij nam de tijd om ze zorgvuldig te maken en de levering was erg snel na de fotosessie. Ik was erg tevreden met het resultaat en ik raad hem zeker aan!,5,via de website van de beeldmaker
biecki.biecki@gmail.com,2026-02-19,Saskia,"Uitstekende cameraman! Damian is professioneel, creatief en heeft een scherp oog voor detail. Hij denkt mee, werkt vlot en levert beelden van topkwaliteit.",5,via de website van de beeldmaker
biecki.biecki@gmail.com,2026-02-19,Nadja L.,"Damian is professioneel, creatief en heeft een scherp oog voor detail. Hij denkt mee, werkt vlot en levert beelden van topkwaliteit. Absoluut een aanrader!",5,via de website van de beeldmaker
bjorn@bgcreative.nl,2025-08-11,Chris,Top service! We werken regelmatig samen met Björn van BGCREATIVE . Naast zijn kwalitatief goede werk is hij ook altijd zeer plezierig op de set. 10/10!,5,via de website van de beeldmaker
bjorn@bgcreative.nl,2025-10-14,Daniëlle,"Dankjewel Björn voor opnieuw een fantastisch filmpje wat de sfeer en energie van ons Partnerevent mooi weergeeft. Dankjewel!!

",5,via de website van de beeldmaker
contact@elseloof.nl,2025-02-07,Danielle,"Else pakt de fotoshoot heel professioneel aan, is een super fijn en rustig persoon om mee te werken en levert prachtige beelden op. Ik ben heel blij met deze aanvulling op mijn personal branding beeldbank!

",5,via Google
contact@elseloof.nl,2025-01-09,Reinier,"Else heeft zowel portret- als actiefoto's gemaakt voor onze vernieuwde website. Ze stelt iedereen op een ontspannen manier op hun gemak en geeft fijne aanwijzingen voor het beste resultaat. Tijdens de actiefoto's waren wij met elkaar in bespreking en ze was als een ""fly on the wall"", zonder dat we het echt merkten maakte ze hele leuke actiefoto's. We zijn erg tevreden met het resultaat!",5,via Google
contact@elseloof.nl,2022-07-12,Stijn,"We hebben een familiefotoshoot laten maken door Else Loof Photography en zijn ontzettend blij met de foto's. Ze reageerden ook snel en bewerkten de foto's vlot, dus we raden ze van harte aan!",5,via Google
contact@elseloof.nl,2025-03-03,Ine,"Else is een professionele en vriendelijke fotograaf die snel de gewenste foto's levert. Ze stelt je op je gemak, waardoor de foto's een ontspannen sfeer krijgen. Er is ook ruimte voor je eigen inbreng en Else geeft je bovendien tips. Ik koos voor een fotoshoot met andere ondernemers om realistische situaties te creëren. Hierdoor verliep mijn fotoshoot heel soepel en ontstonden spontane en prachtige foto's. Een shoot met andere ondernemers voelt veel relaxter aan dan een soloshoot. Ik heb enorm genoten van de dag! Bedankt, Else!",5,via Google
contact@elseloof.nl,2021-06-15,Paul,"Een fotograaf die echt met de klant meedenkt, flexibel is en heel creatief. We zijn ontzettend blij met de fotoshoot van onze kinderen!",5,via Google
contact@elseloof.nl,2025-01-23,Helle,"Ik heb onlangs een fotoshoot gehad met Else. En hoewel ik er altijd tegenop zie, was ik deze keer eigenlijk best relaxed met Else, en belangrijker nog, ik ben erg blij met het eindresultaat. Het zijn prachtige foto's die ik voor allerlei dingen kan gebruiken. Bedankt, Else!",5,via Google
contact@elseloof.nl,2025-11-27,Marjolein,"Else zorgt ervoor dat je je op je gemak voelt, wat resulteert in spontane foto's. Ze beheerst haar vak en legt prachtige beelden vast. Natuurlijk, spontaan, precies zoals het is. Mijn favoriete moment van de shoot was toen we samen begonnen te experimenteren. Ik had ergens een foto gezien waarop twee gezichten in één waren gecombineerd. Ik was dolblij dat je meteen enthousiast was en de uitdaging aanging. Blijkbaar is het mogelijk om twee beelden over elkaar heen te fotograferen. Het resultaat was een prachtige en unieke foto!",5,via Google
contact@elseloof.nl,2025-12-22,Jacqueline,"Ik heb erg genoten van de fotoshoot. Normaal gesproken ben ik daar zenuwachtig voor, maar niet bij Else. Ze bereidt zich goed voor, weet wat ze wil en wat de mogelijkheden zijn. Ze houdt zorgvuldig rekening met je wensen en zorgt ervoor dat het doel wordt bereikt. Bovendien is het gewoon ontzettend leuk. Ik heb veel gelachen, en dat zie je terug op de foto's. Ik ben er zo blij mee, dankjewel Else!",5,via Google
contact@elseloof.nl,2025-06-24,Nanda,"Else is een ervaren fotograaf met oog voor detail. Ik heb weer een grote diversiteit aan foto's voor mijn beeldbank terwijl ik zeker niet fotogeniek ben. Haar energie en rust zorgen ervoor dat het een ontspannend fotosessie is geworden.

",5,via Google
degooischefotograaf@gmail.com,2026-02-19,Emma,"Jip begeleidt je super fijn, weet precies wat werkt en laat je echt mooi voelen! Geen stijve poses, maar gewoon jezelf. De foto’s zijn echt Pinterest-waardig. Zo blij dat ik dit heb gedaan!",5,via de website van de beeldmaker
degooischefotograaf@gmail.com,2026-02-19,Sabine,"Echt leuk om te doen! Onze kids mochten lekker zichzelf zijn en dat zie je zo terug op beeld. Geen geforceerde lachjes, maar echt spontaan!",5,via de website van de beeldmaker
degooischefotograaf@gmail.com,2026-02-19,Marleen,"Jip weet precies wat ze doet, straalt rust uit en neemt echt alle tijd. Alles gaat in overleg en niets voelt gehaast of ongemakkelijk. Dat gaf ons zoveel vertrouwen. De foto’s zijn echt prachtig!",5,via de website van de beeldmaker
dennis@sociaal.tv,2025-12-16,Dirk,"Topkwaliteit en goed te bereiken! Foto’s worden snel na het moment geleverd, echt een aanrader!",5,via de website van de beeldmaker
dennis@sociaal.tv,2025-03-10,Boschypaling BV,"Zeker 5 sterren voor dit geweldige bedrijf! Het is een plezier om met hen samen te werken. De communicatie is snel en duidelijk, en ze doen altijd precies wat ze beloven. Als er iets moet gebeuren, wordt het direct opgepakt en opgelost. Wij kijken ernaar uit om een lange en succesvolle samenwerking voort te zetten!",5,via Trustpilot
dennis@sociaal.tv,2025-08-23,Julian,"Fijne gasten, mooi resultaat en goede prijs/kwaliteit verhouding. Kortom, zeer tevreden!",5,via Trustpilot
dennis@sociaal.tv,2025-01-28,Mark,"Snel, creatief en goed bereikbaar!
",5,via Trustpilot
dulcegusdorff@gmail.com,2025-11-03,Jamie,"Met Dulce samenwerken was een hele fijne ervaring. Ze stelt je direct op je gemak en werkt met veel aandacht en oog voor detail. Tijdens de shoot voelde alles ontspannen en professioneel. Het eindresultaat heeft mijn verwachtingen overtroffen, super mooie foto’s die precies de sfeer en uitstraling hadden die ik voor ogen had. Ik ben ontzettend blij met het resultaat en kan Dulce zeker aanbevelen als fotografe!",5,via de website van de beeldmaker
dulcegusdorff@gmail.com,2025-12-16,Dionne,"Wat een topper is Dulce. Ze stelt je zo op je gemak dat het helemaal niet voelt alsof je voor de camera staat. Alles ging ontspannen en natuurlijk, en dat zie je terug in de foto’s. Dulce vangt niet alleen beelden, maar echt momenten en gevoel. Dankbaar voor deze herinneringen!",5,via de website van de beeldmaker
esther@studio-rauk.nl,2026-01-09,Cecile,"Voorbereid met een mooi en passend moodboard zorgde Esther er met haar rust en connectie voor dat ik me erg op mijn gemak voelde tijdens de shoot, met prachtige foto's als resultaat. Precies waar ik op gehoopt had!",5,via Google
esther@studio-rauk.nl,2026-02-15,Hassna,"Ik ben ontzettend blij met de prachtige foto’s die Esther voor mijn website heeft gemaakt. Met haar beelden heeft ze mijn website echt tot leven gebracht en precies de juiste sfeer neergezet. Ze werkt professioneel en levert prachtig werk. Daarnaast heeft ze ook onze privéfoto’s gemaakt, die werkelijk prachtig zijn geworden. Ik zou haar absoluut aanbevelen voor zowel privé als zakelijke foto’s.",5,via Google
greattakesmail@gmail.com,2025-11-13,Hugo,"Joost heeft onze trouwdag van start tot finish vastgelegd en een geweldige film gemaakt. Al het contact met Joost verliep super soepel, het is een top persoon, en we zijn enorm blij met het geweldige eindresultaat: een film waarbij we echt weer het gevoel van de dag opnieuw mogen ervaren!",5,via Google
greattakesmail@gmail.com,2025-05-14,Marco,"Professioneel, pro actief en deskundig bedrijf! Joost is zeer aan te raden. Bedrijfs- en commercial video's laten maken. Erg tevreden met samenwerking en eindresultaat!!",5,via Google
greattakesmail@gmail.com,2026-03-06,Matthijs,"Als je op zoek bent naar een editor die zowel professioneel als oprecht betrokken is, dan heb ik een goede aanbeveling voor je. Deze editor combineert technische bekwaamheid met een creatief oog. Zijn werk is snel, efficiënt en altijd op punt, waarbij hij elke keer weer de essentie van het project weet te vatten. Zijn vermogen om aanwijzingen te volgen en tegelijkertijd creatieve oplossingen te bieden, is z’n grote kracht.",5,via de website van de beeldmaker
greattakesmail@gmail.com,2026-03-06,Sietse,Joost heeft een mooie bedrijfsvideo voor ons gemaakt. Hij is professioneel en komt zijn afspraken na. Zeker een aanrader!,5,via de website van de beeldmaker
hello@bystefphotography.nl,2025-01-30,Virgilia,"Afgelopen zomer heb ik, samen met mijn dochter van 3, een geweldige shoot (in de duinen met ondergaande zon) met By Stef Photography gehad. Ik zag deze shoot voorbij komen op Instagram en wilde dit ook ontzettend graag een keer doen. De foto's zijn fantastisch geworden! Stefanie zorgt er echt voor dat het perfecte plaatje er altijd tussen zit. Wat ook erg fijn is, vooral voor een shoot met kinderen, is dat de shoots niet te lang duren. Ik heb meerdere shoots gehad met By Stef Photography (newborn, kerstshoot, cakesmash), altijd prachtige foto's. Ik zou haar zeker aanraden!",5,via Google
hello@bystefphotography.nl,2023-07-07,Laura,"Stef heeft voor ons twee shoots verzorgd en met beiden waren wij superblij. De eerste shoot betrof een newborn shoot. Stef heeft oneindig veel geduld, nu een net geboren baby nu eenmaal zijn eigen ritme bepaalt ;) Onze verwachting - mooie foto's van de baby en ons gezin - zijn helemaal uitgekomen! Ook de tweede shoot, een familie-shoot met ondergaande shoot geruime tijd later, is ontzettend goed bevallen. Wij wilden een dergelijke shoot omdat je weinig foto's met z'n drieën maakt (op niet al te beste selfies na). Wij zijn superblij met het resultaat! Tijd vliegt en zo hebben we toch deze bijzondere eerste periode vast kunnen leggen. Ik raad Stef zeker aan, nu ze geen geposeerde foto's maakt, maar echt hoe we zijn!",5,via Google
hello@bystefphotography.nl,2024-02-08,Chanice,Ik ben ontzettend blij met de prachtige foto’s voor mijn Instagram en website. Veel meer en mooier dan ik had voorgesteld! Ik zou Stef absoluut aanraden! Ook nog eens heel erg lief!,5,via Google
hello@bystefphotography.nl,2025-01-23,Maud,"Wij hebben dit jaar met ons gezin een fotoshoot gedaan bij By Stef Photography. Wij wilde heel graag mooie foto's om in huis op te hangen waar wij allemaal leuk en spontaan op zouden staan. Met 2 kinderen is dat niet altijd even makkelijk maar wiij waren super blij met het resultaat. Ik zou haar dus zeker bij iedereen aanraden. Stef heeft heel veel geduld(ook met kinderen), geeft goeie tips en stelt je op je gemak. Voor ons zeker een reden om in de toekomt nog eens een shoot te boeken bij haar!",5,via Google
hello@bystefphotography.nl,2023-03-02,Bruna,"I have no words to describe an amazing photographer is this lady. What I haven't cried in the most important day of my life, I cried after seeing the memories that my friend Stef provided to us.
I highly recommend it ❤️❤️❤️✨✨✨✨✨",5,via Google
hello@kayadelarambelje.com,2026-02-16,Lara,"Al meerdere shoots met Kaya gedaan en het is altijd een feestje. Gezellig, professioneel, snel. Kaya weet écht hoe ze iemand moet fotograferen als de beste versie van zichzelf.",5,via Google
hello@kayadelarambelje.com,2026-02-02,Niels,"Kaya is echt een super goede en fijne fotografe en daarnaast een hele fijne persoon om dierbare en leuke momenten mee vast te leggen. Ze is heel prettig in de omgang waardoor we steeds heel erg op ons gemak waren wanneer zij ons heeft vastgelegd.

Kaya heeft tijdens onze bruiloft en na de geboorte van onze dochter foto’s van ons gemaakt en we zijn echt heel erg blij met deze prachtige herinneringen. Ze maakt hele mooie en natuurlijke foto’s van echte momenten in plaats van de geposeerde shots. Als je hiernaar opzoek bent dan is Kaya een hele goede keuze.

We hopen nog vele mooie momenten van ons en ons gezin met Kaya vast te mogen leggen. Echt een 10 uit 10!",5,via Google
hello@kayadelarambelje.com,2026-02-01,Fem,Kaya heeft 2x een fotoshoot gedaan bij ons thuis. De eerste toen ik zwanger was van ons zoontje en de tweede keer toen ons zoontje ongeveer 1 jaar was. Kaya is super fijn om om je heen te hebben als je je (zwanger) kwetsbaar opstelt. We waren gezellig aan het praten terwijl er de mooiste foto’s werden genomen. Met ons zoontje samen hebben we lekker in de tuin gespeeld terwijl Kaya alles heeft vastgelegd. Het voelde alsof er een vriendin op bezoek was en daardoor waren we ontzettend op ons gemak.,5,via Google
hello@kayadelarambelje.com,2026-03-02,Babette,"Kaya is mijn vaste fotograaf, voor zowel privé als zakelijk. Haar foto’s zijn echt prachtig. Ze neemt de tijd en stelt iedereen op zijn/haar gemak. Ik kijk nu alweer uit naar de volgende shoot!",5,via Google
hello@kayadelarambelje.com,2026-02-15,Florine,"Wij hebben een geweldige dag gehad met en dankzij Kaya! Van te voren al duidelijke communicatie, en goede ideeën vanuit haar maar ook ruimte voor ideeën van ons. En dan de dag zelf! Kaya is zo aardig en relaxed, dat we ons heel erg op ons gemak voelden en dat is terug te zien op de foto’s! We zijn mega blij met de prachtige foto’s, die naast de ‘standaard’ plaatjes ook veel interacties tussen de gasten laten zien en de sfeer echt goed weergeven. Wij zouden haar absoluut aanbevelen!!",5,via Google
info@binnen-beeld.nl,2026-02-17,Carla,"Soms heb je iemand nodig die niet alleen foto’s maakt, maar echt met je meedenkt. Voor mijn website foodandbody.nl was dat precies wat ik zocht. Astrid nam de tijd, stelde de juiste vragen en voelde goed aan welke stijl bij het 3B Eetspel past. Dankzij haar kloppen de beelden van mijn website nu helemaal met mijn verhaal en het 3B Eetspel.",5,via de website van de beeldmaker
info@binnen-beeld.nl,2025-12-16,Linde,"Ik vind het niet vanzelfsprekend om op de foto te gaan, maar met Astrid voelt het ontspannen en luchtig. Terwijl we kletsen, maakt ze prachtige foto’s en geeft fijne aanwijzingen. Ze kijkt écht naar wat ik zoek, soms zelfs beter dan ik zelf kan benoemen. Dankzij Astrid heb ik inmiddels verschillende shoots gedaan, in verschillende stijlen, en er zitten altijd foto’s bij waar ik ontzettend blij mee ben. Ook mijn website KontextConsultancy.nl krijgt veel complimenten door de prachtige beelden. Ik zou Astrid absoluut als fotograaf aanraden!",5,via de website van de beeldmaker
info@binnen-beeld.nl,2026-02-19,Sem,"Astrid is een super fijne en creatieve fotograaf. Naast haar oog voor detail en branding weet ze je echt op je gemak te stellen tijdens de shoot. Ze denkt actief mee, werkt professioneel en levert haar foto’s altijd netjes en op de afgesproken datum aan. Voor de branding shoots van YourDailyHealth.nl is ze voor mij een vaste en betrouwbare keuze.",5,via de website van de beeldmaker
info@bylightstudio.nl,2025-03-23,Ilona,"Paulinka is de beste fotograaf, professionele en vriendelijke service, perfecte benadering van de klant. Ik beveel Ilona van harte aan.",5,via Google
info@bylightstudio.nl,2025-03-05,Pawel,"Een fotograaf met een fantastische energie, die zich goed voorbereidde op de shoot, overlegde en de outfit perfect afstemde. De foto's werden eerder dan gepland geleverd. Ik ga zeker meer sessies boeken!",5,via Google
info@bylightstudio.nl,2025-03-07,Emis Finance BV,"Paulina is echt een geweldige fotograaf. De foto's van ons kantoorpand zijn zelfs mooier geworden dan verwacht. Ze is professioneel, vriendelijk en levert topkwaliteit. Ik ben superblij en heb mijn vaste fotograaf gevonden! Nogmaals heel erg bedankt Paulina!",5,via Google
info@bylightstudio.nl,2025-12-23,Joanna,"Ik had het genoegen Paulina te ontmoeten voor foto's. Een geweldige meid, open en heel creatief. We hebben een paar uur op het strand doorgebracht en ik heb de mooiste foto's die ik kon hebben. Ik raad het ten zeerste aan.",5,via de website van de beeldmaker
info@bylightstudio.nl,2025-02-13,Poitr,"Professionele service, goed vakmanschap, kwaliteit op het hoogste niveau. Klantgerichtheid en een hoofd vol bijzondere ideeën zijn een van de belangrijkste kenmerken van een goede fotograaf, en die ontbreken niet. Uitstekende kennis en het vermogen om informatie over te dragen zorgen ervoor dat fotografieworkshops vol succesvolle hits zitten en dankzij hen zijn we in staat om ons eerste volwaardige portfolio te creëren. 5/5.",5,via Google
info@bylightstudio.nl,2026-02-10,Yaren,"Allereerst bedankt voor je professionaliteit Paulina, je doet je werk echt uitstekend! Niet elke fotograaf zal op de grond liggen om de perfecte opnamen te kunnen nemen, je hebt geduld en denkt mee, het is duidelijk dat je echt houdt van je werk. Nogmaals bedankt voor je moeite en inzet😊! Topper!!!",5,via de website van de beeldmaker
info@delizzious.com,2024-01-10,Hans Versteeg (GoNow),"Inmiddels werken wij ruim een jaar samen met Lizzy. Naast dat het ons prachtige resultaten oplevert, is de samenwerking ook uitstekend! Wij komen vaak met globale ideeën en Lizzy weet dit goed uit te werken en vervolgens mooie foto's of korte videos van te maken. Al met al, duidelijke communicatie en schitterend resultaat!",5,via Google
,2025-03-06,Isslam,"Geweldige fotograaf! Denkt mee, levert snel en heeft super mooi werk. Aanrader!",5,via Google
,2025-04-14,Marie (Alma Limoncello),"Het was super om met Lizzy te werken. Ze bereidt de shoot goed voor, wil echt begrijpen waar we op zoek naar zijn. Tijdens de shoot is ze flexibel, creatief en kundig om het beste resultaat neer te zetten. 100% aan te raden om met Delizzious te werken!",5,via Google
info@delizzious.com,2025-07-16,Elena Ionescu (Wonderpark Cafe),"Excellent quality photos and experience! Lizzy has the right equipment, a can-do attitude, lots of ideas, patience, and is very detail-oriented. We are super happy with the result! Thank you!",5,via Google
info@delizzious.com,2025-09-26,Silvie Pellova (Vega La Vie),"Twee weken geleden heb ik samen met Lizzy gewerkt aan de foto’s van onze Vega La Tease kazen en kaasplankjes. Het voelde voor mij niet als een werkdag, maar als een gezellige proeverij met een fijn mens én een geweldige fotograaf. Ik ben erg blij met het resultaat. Bedankt, Lizzy!",5,via Google
info@delizzious.com,2025-03-13,Husain (Yamie Pasta),"Als franchiseorganisatie waren we al geruime tijd op zoek naar een foodfotograaf. We hebben met meerdere professionals samengewerkt en aanzienlijke bedragen uitgegeven, maar helaas vonden we niet de juiste klik en samenwerking. Uiteindelijk kwamen we via Google bij Lizzy terecht en sindsdien is zij onze vaste fotograaf. De samenwerking, het contact en de kwaliteit van de content zijn allemaal van hoog niveau. Haar oog voor detail en haar vermogen om mee te denken zijn bijzonder waardevol. We zijn enorm tevreden met Lizzy!",5,via Google
info@eveliendehaasfotografie.nl,2025-12-10,Bob & Jantine,"Evelien kwam bij onze bruiloft terecht als tweede fotograaf van trouwfotosvandaan, en wat zijn wij blij geweest met haar. Ze was er de hele dag bij, onopgemerkt maakte zij de meest fantastische foto's. Ze is uniek en weet gezelligheid, gekkigheid, liefde en familie heel mooi vast te leggen. Wij waren onwijs blij met haar!",5,via Google
info@eveliendehaasfotografie.nl,2024-08-29,Roos,"We zijn zo blij dat we Evelien als onze trouwfotograaf hebben gekozen! De foto's zijn werkelijk prachtig en vangen de sfeer van de dag perfect. Op de dag zelf merkten we Evelien nauwelijks op, maar nu we de foto's zien, lijkt het alsof ze altijd precies op de juiste plek was :-) Ook de voorbereidingen verliepen erg prettig: ze was vriendelijk, proactief en zorgvuldig. Een echte aanrader!",5,via Google
info@eveliendehaasfotografie.nl,2024-10-05,Anita,"Evelien heeft onze bruiloft in Delft op 5 oktober 2024 vastgelegd. Ze fotografeerde de kerkdienst, groepsfoto's buiten (we hadden prachtig weer) en het diner en feest. De foto's zijn prachtig geworden en we zijn er ontzettend blij mee. Ik kan haar van harte aanbevelen als je op zoek bent naar mooie, spontane en levendige foto's.",5,via Google
info@eveliendehaasfotografie.nl,2025-03-19,Esmay,"Evelien heeft afgelopen zomer onze bruiloft gefotografeerd. Wat een prachtige foto's heeft ze gemaakt! We vonden Evelien een superleuke en meewerkende fotograaf. Zelfs onze gasten waren vol lof over haar werk! Dus als je op zoek bent naar een fotograaf voor je bruiloft, raden we Evelien zeker aan!",5,via Google
info@eveliendehaasfotografie.nl,2025-08-31,Jesse,Evelien fotografeerde onze bruiloft op 31 augustus in Rotterdam: in het stadhuis en het Wereldmuseum. Het voelde meteen heel relaxed; ze kwam bij ons thuis om onze wensen te bespreken. We hebben geen moment geaarzeld om Evelien deze opdracht te geven. Evelien is een absolute professional die haar vak echt beheerst. Gasten zijn onder de indruk van haar en ze weet alle gevoelige momenten perfect vast te leggen. Haar communicatie met de ceremoniemeester was ongelooflijk flexibel en professioneel. We zijn elke keer weer dolblij als we de foto's bekijken!,5,via Google
info@eveliendehaasfotografie.nl,2025-12-23,Alyssa,"We zijn ontzettend blij met Evelien!
Ze heeft prachtige foto's van onze bruiloft gemaakt.
Ze zorgt ervoor dat je je helemaal op je gemak voelt en het was een genot om haar erbij te hebben!",5,via Google
info@eveliendehaasfotografie.nl,2023-11-09,Joyce,"Evelien was onze fotograaf op de mooiste dag van ons leven, en de foto's zijn prachtig geworden!
Het voelde meteen vertrouwd, en soms hadden we niet eens door dat ze er was.
Dankzij Evelien hebben we fantastische herinneringen aan onze trouwdag.
Je bent de BESTE!!!",5,via Google
info@eveliendehaasfotografie.nl,2025-11-05,Sander,Evelien heeft onze bruiloft prachtig vastgelegd. De aanloop ernaartoe was geweldig: persoonlijk en open. Op de dag zelf had ze (zoals later bleek ;-)) alles perfect onder controle en legde ze alle mooie momenten vast. We zijn ontzettend blij met de uiteindelijke fotoshoot! :),5,via Google
info@eveliendehaasfotografie.nl,2026-02-05,Jantine,"Evelien was als tweede fotograaf van trouwfotosvandaan aanwezig op onze bruiloft en we waren ontzettend blij met haar. Ze was er de hele dag en maakte de meest fantastische foto's zonder dat iemand het merkte. Ze is uniek en weet op een prachtige manier plezier, liefde en familie vast te leggen. We waren enorm tevreden met haar!",5,via Google
info@eveliendehaasfotografie.nl,2026-01-20,Merel & Jeffrey,"Evelien heeft voor ons de trouwfoto's gemaakt. Een hele prettige samenwerking zowel in het voorgesprek als op de dag zelf. Ze dringt zich niet op en volgt de flow van de dag zodat je als bruidspaar kan genieten van de speciale dag en nacht afloop prachtige foto's hebt. Ze is klantvriendelijk en transparant over prijzen en mogelijkheden en een prettige persoonlijkheid!

",5,via Google
info@eveliendehaasfotografie.nl,2025-12-08,Paulina & Giovanni,"Een zeer goede fotograaf, tijdens het feest viel ze er helemaal tussen alsof ze er niet eens was. Hele leuke dag en super mooie foto’s. Heel erg bedankt voor de foto’s tijdens deze onvergetelijke dag

",5,via Google
info@filmtale.nl,2026-03-04,Thomas,Mike is een enthousiaste filmmaker die elke productie tot een fantastisch eindresultaat weet te brengen. Meermaals met plezier met hem samengewerkt.,5,via Google
info@flashbackfotografie.com,2025-11-18,Igor,"Fantastische shoot gehad met Renate. Heel erg ontspannen en de foto's zijn er ook naar. Ze is fijn in het contact en ook tijdens de shoot laat ze de foto's ontstaan in het moment. Een echte aanrader wat mij betreft.

",5,via de website van de beeldmaker
info@flashbackfotografie.com,2025-08-06,Maureen,"Renate is echt een hele fijne fotograaf, ze stelt je snel op je gemak. Ik ben onwijs blij met de foto’s van mijn website 😊. En haar service daarna, bij vragen, is ook geweldig!",5,via de website van de beeldmaker
info@flashbackfotografie.com,2026-02-09,Alice,"We hebben afgelopen december samenwerkt met Renate voor een bedrijfsfotoshoot bij ons en dat is enorm goed bevallen. Renate is meedenkend, super flexibel en onwijs professioneel. We hebben een prachtig eindresultaat van haar gekregen waar we enorm blij mee zijn!",5,via de website van de beeldmaker
info@jaspermulder.studio,2025-02-12,Loes,"Wij hebben met Jasper samengewerkt om productfoto's te schieten voor onze klant Office By Kisch. De samenwerking verliep heel soepel en Jasper is een professionele en creatieve fotograaf om mee samen te werken. Het resultaat was nog beter dan verwacht: De foto's waren inzetbaar voor zowel social media, de website en de branding van het merk!",5,via Google
info@jaspermulder.studio,2025-12-17,Jasper,"Fantastische productfoto’s! Jasper weet precies hoe hij een product optimaal in beeld moet brengen. Strak en professioneel. Fijne communicatie, een aanrader voor iedereen die op zoek is naar kwaliteit.",5,via Google
info@jaspermulder.studio,2025-04-16,Rob,Jasper Mulder is een enthousiaste zeer goede fotograaf met veel inzicht in productfotografie.  Hij kan door zijn belichting producten extra mooi maken. De kwaliteit van de producten komt daarbij echt tot zijn recht. Echte kunstwerkjes. Als je zijn foto’s ziet dan begrijp je wat ik bedoel,5,via Google
info@liminalmedia.nl,2025-10-15,Annebel - Gemeente Hilversum,"De samenwerking met Willem was bijzonder prettig. Hij heeft een uniek talent om campagnes echt tot leven te brengen. Met zijn ontspannen en authentieke stijl van portretteren weet hij mensen op hun gemak te stellen, waardoor het resultaat altijd van hoge kwaliteit is en mensen positief verrast zijn. Onze interne campagne is nog mooier geworden dan we hadden bedacht! Willem denkt zowel conceptueel als technisch mee en vertaalt ideeën op een visueel aantrekkelijke en overtuigende manier. Van eerste concept tot eindproduct, het resultaat spreekt voor zich.",5,via de website van de beeldmaker
info@liminalmedia.nl,2025-08-18,Philine - Validators,"Een hele fijne samenwerking! De afspraak was snel geregeld, de foto’s werden snel geleverd en de sfeer tijdens de shoot was erg goed.Prachtige fotos. Absoluut tevreden.",5,via de website van de beeldmaker
info@marceldegraaf.nl,2022-06-14,Bastiaan,"Na eerdere opdrachten voor portretfoto's, boekenfotografie en woningfotografie, vroeg ik Marcel de Graaf om kwalitatief hoogstaande photoshops voor een kalender. Dit verliep op de bij hem gebruikelijke manier: snel leveren, een hoge kwaliteit, fijne communicatie en een schappelijke prijs. Aanrader dus, ook voor professioneel photoshoppen!",5,via Google
info@marceldegraaf.nl,2026-02-13,Itje,"Mooie foto's, prettige samenwerking, flexibel, denkt mee en komt afspraken na. Daarnaast is het ook leuk en ontspannen.",5,via Google
info@marceldegraaf.nl,2026-01-28,Oksana,"Hele fijne ervaring! Professioneel, en ontspannen sfeer. Absoluut een aanrader.
",5,via Google
info@marceldegraaf.nl,2019-08-08,Eddy,"Marcel is een gedreven, professionele en creatieve fotograaf. Ik heb een hele mooie fotoshoot door hem laten verzorgen waar ik enorm tevreden over ben.",5,via Google
info@marceldegraaf.nl,2025-07-09,Christine,"Heerlijk om samen te werken met iemand die meteen begrijp wat je nodig hebt. Marcel kwam voor het fotograferen van een product, maar pakte in de tijd die restte ook nog even wat foto's voor de nieuwe website mee - lekker flexibel man, bedankt weer!",5,via Google
info@mariekeodekerken.nl,2026-01-07,Karin,"Ik werk graag met Marieke samen. Soms zijn er gevoelige opdrachten, die extra aandacht verdienen van de fotograaf. Ook dan ben je bij Marieke aan het juiste adres. Zij zorgt ervoor dat het goed komt, iedere keer weer.

",5,via Google
info@mariekeodekerken.nl,2025-11-10,Marike,Marieke maakt heel makkelijk contact met de mensen voor haar camera. Ze is ontzettend empathisch en voelt op locatie goed aan wat wel en niet kan. Ik schrijf vaak over kwetsbare doelgroepen en daar kan ik Marieke met een gerust hart heen sturen. Naast een goede fotograaf is Marieke een ontzettend fijne freelancer om mee te werken: flexibel én assertief op locatie. Ze laat geen moment aan haar voorbij gaan.,5,via de website van de beeldmaker
info@mariekeodekerken.nl,2026-02-08,Erik-Jan,Je maakte van mij een paar waarachtige portretten. Je ontwapende me en bracht humor en zelfreflectie boven. Volgens lachten we samen en ving jij de echte Erik-Jan. Van harte aanbevolen.,5,via de website van de beeldmaker
info@mooyfotografie.nl,2025-09-10,Chantal,"Ik had het genoegen een fantastische boudoirfotoshoot met Jessica te doen op het strand in Egmond aan Zee.
Het was in het begin een beetje spannend, maar ik voelde me al snel comfortabel genoeg om me volledig over te geven. Ik zou dit elke vrouw aanraden, voor de ervaring en de kans om zelfliefde te ervaren. Je zult nooit zo mooi zijn als je nu bent.",5,via Google
info@mooyfotografie.nl,2025-11-05,Huib,"Jessica is zeer bevlogen en goed voorbereid.
Ze heeft een unieke manier van werken wat er voet zorgt ervoor dat je natuurlijk en ontspannen de fotosessie beleefd.
Een aanrader voor iedereen die zichzelf wil laten portretteren.",5,via Google
info@mooyfotografie.nl,2025-02-02,Nathalie,"Jessica weet op een speelse manier een prettige en veilige sfeer te creëren. Hierdoor heeft ze ons gezin op een prachtige wijze vast weten te leggen. Niet alleen hebben we prachtige foto's, maar ook een hele leuke ervaring met elkaar gedeeld. De onthulling van de foto's met de deur Jessica koos muziek maakte het helemaal af.",5,via Google
info@mooyfotografie.nl,2025-02-03,Marianne,"Zo'n fijne gezinsshoot gehad! Kinderen hebben ook gewoon genoten van deze ontspannen middag. Jessica, dankjewel voor de fantastische foto's 🩷!",5,via Google
info@mooyfotografie.nl,2024-07-30,Michelle,"Wat een fijne shoot hebben wij gehad.
We wilde voor vader/moederdag een fotoshoot van onze kindjes tussen de 0 en 6 jaar (leuke foto's van de kleinkinderen voor de opa's en oma's). Geen standaard foto's met synthetische etc, maar gewoon leuke spontane plaatjes. Nou dit is gelukt! Jessica neemt de tijd ervoor en is geduld (wat nodig is bij een kindershoot). Ze maakt het voor de kinderen extra leuk om wat grapjes er bij te halen, en vooral lekker hun ding te laten doen. De kinderen vonden het geen 'moetje' en deden het super goed. Een hele leuke shoot, ik kan iedereen aanbevelen!",5,via Google
info@mooyfotografie.nl,2025-02-10,Amber,"Lieve Jessica,
Wat is het toch een mooie ervaring om bij jou een boudoirshoot te nemen.
Vanaf het moment dat de afspraak staat voor de shoot, leef je er naar toe. Meer zelfzorgmomenten zijn ook veel bewuster dan normaal. Lekker jezelf verzorgen met mooie nagels, nieuwe lingerie en nieuwe kleding. En dan is de dag daar.
De schiet! Ik ben geen model en hoewel ik wel heb overwogen naar poses, wist ik mij geen houding te geven. Dat is bij jou geen probleem, want jij loodste mij er perfect doorheen. Je gaf tips en het ijs was al heel snel kapot.
Ja en dan denk je er te zijn, mooi niet! Sterf onthullen! Wauw! Jij maakt deze hele beleving onvergetelijk!
Deze complete ervaring zal mij altijd bij blijven. En het is mogelijk, ja ik kon niet anders dan alle foto's af te nemen, wil jij verstaat echt jouw vak. Bedankt voor alles. Ik zie eindelijk de mooie vrouw die ik ben. En ik ben draf op wat ik heb bereikt.",5,via Google
info@mooyfotografie.nl,2025-02-06,Kim,"Ik wilde mijn vriendin een prachtig cadeau geven, en met de hulp van Jessica is dat gelukt! Waar woorden soms tekortschieten, kan een foto uitkomst bieden. De foto's die ze van ons heeft gemaakt, laten precies zien hoe we over elkaar denken en hoeveel we van elkaars gezelschap genieten. Een grondige voorbereiding, met e-mails, videogesprekken en een soort moodboard, een fotograaf die 'onzichtbaar' te werk gaat en een sfeer waarin we helemaal onszelf konden zijn, resulteerde in prachtige foto's waar we allebei regelmatig met een glimlach en een warm gevoel naar kijken.",4,via Google
info@mooyfotografie.nl,2025-01-09,Natasja,"Wat een heerlijke middag was het in de Frisdrankfabriek in Schiedam! Jessica maakt de sfeer zo ongedwongen, dat ik mezelf van mijn meest kwetsbare en meest krachtige kant kon laten zien. Wat een verrassing was het dat ze ook nog speciaal een liedje had uitgekozen dat ze bij mij vond passen. Heel blij met de prachtige foto's. Een ervaring om in een gouden lijst te doen ✨",5,via Google
info@mooyfotografie.nl,2023-10-05,Alexandra,"Jessica maakt een feestje van! Door vragen en opdrachten te gebruiken krijg je de leukste, spontaanste foto's, heb je totaal geen erg in de lens! Zelfs mijn man vond het leuk en dat zegt genoeg! -:)

Het was een hele gezellige middag met elkaar en we zijn blij met de resultaten! Mooie herinnering..

Dank Jessica voor je tijd en moeite. Je had leuke vragen bedacht voor ons wat soms voor verrassende mooie en antwoorden zorgden! Liefs Fred en Sandra",5,via Google
info@mooyfotografie.nl,2025-09-03,Chantal,"Pas geleden heb ik een boudoir shoot beleving gehad in de frisdrankfabriek, en dit was fantastisch! Hoe Jessica mij stap voor stap begeleid heeft om mij te krijgen waar ik wilde was top, rustig geen haast en vooral luisteren naar wat ik wilde, ik heb me op en top op me gemak gevoeld en raad dit iedereen aan! Voor een mooie herinnering voor jezelf, iets om met trots op terug te kijken",5,via Google
info@mooyfotografie.nl,2025-09-06,Amy,"Lieve Jessica,
Wat was het een feestje om met jou te werken! Je hebt de sfeer van Magic Moms prachtig in foto's gevangen: magisch, natuurlijk, verbindend met vrouwelijke energie en kracht. De moeders waren heel blij met hun foto's. Je hebt voor mij hun groei van de afgelopen 6 maanden mooi in beeld gebracht. En je hebt mij precies neergezet zoals ik ben. Jij weet mensen authentiek te fotograferen. Dank je wel. Dit smaakt naar meer samenwerken.",5,via Google
info@mooyfotografie.nl,2025-10-02,Nathalie,"Onze herinnering fotoshoot ter ere van de betekenisweek van Feel it. Het was in een woord fantastisch!
Jessica stelt iedereen op zijn gemak en weet precies de dynamiek die vast te leggen is in haar prachtige foto's. Wij raden iedereen zo'n bijzondere fotoshoot aan. Het is een blijvende herinnering die we in ons hart kunnen sluiten.",5,via Google
info@mooyfotografie.nl,2025-11-18,Esther,"De fotoshoot met Jessica ontstond spontaan tijdens een livedag waar ik als gastexpert aanwezig was. Al snel gevoeld ze precies aan welke energie ik wilde overbrengen. De samenwerking was ontspannen, speels en intuïtief. Jessica wist met haar duidelijke aanwijzingen in een mum van tijd beelden te creëren die helemaal kloppen met wie ik ben en wat ik wil uitstralen.",5,via Google
info@petradejong.com,2024-10-16,Rosien,"Petra heeft voor mij een shoot gedaan om mijn holistisch coaching in beeld te brengen. Petra is een fijn iemand om mee te werken. Ze stelt je op je gemak, is initiatiefrijk en creatief waardoor er al snel een mooie serie lag. Heel blij met het resultaat!",5,via Trustpilot
info@petradejong.com,2024-10-19,Annewien,Petra de Jong heeft voor mij tijdens een ceremonie prachtige (portret)foto's gemaakt. Ze wist precies dat in beeld te vatten wat liet zien wat er gebeurde en wie ik ben in mijn werk. Ze doet dit op een fijne betrokken manier. Ik ga haar zeker vaker vragen !,5,via Trustpilot
info@petradejong.com,2024-12-11,Eva,Snelle communicatie en leuke foto’s gekregen! Ze hielp ook goed met meedenken en kon snel tijd maken voor ons.,5,via LensLab
info@petradejong.com,2025-04-21,Lucas,Alles is soepel gegaan. Denkt goed mee.,4,via Trustpilot
info@petradejong.com,2025-06-30,Soren,"
Fantastische foto’s en hele leuke interactie met de kids",5,via Trustpilot
info@petradejong.com,2025-05-28,Carla,Prima gedaan!,5,via Trustpilot
info@petradejong.com,2026-04-10,Danielle,Vandaag een hele leuke fotowandeling gemaakt over het strand en door de duinen. Het was een hele fijne wandeling met veel tips over het gebruik van de camera op mijn telefoon. In een korte tijd heb ik veel geleerd en ook om op een andere manier naar de omgeving te kijken. Petra is super vriendelijk en zo fijn in de omgang.,5,via Google
info@petradejong.com,2025-01-23,Maaike,"Wat een fijne ervaring om een fotowandeling met deze vrouw te hebben gedaan. Ik kreeg tips and tricks over mn camera en kon dit gelijk uitproberen tijdens een wandeling over het strand en in de duinen. Petra is makkelijk in de omgang, vriendelijk en gezellig. Een aanrader!",5,via Google
info@robveldman.nl,2025-10-13,Saskia,"Afgelopen vrijdag heeft Rob onze bruiloft gefotografeerd. Vanaf minuut 1 was het ontspannen en gezellig! Rob is een vakkundige fotograaf met oog voor detail en mooie momenten. Enthousiast en denkt ook mee over de verschillende mogelijkheden. We hebben Rob meerdere keren gesproken in aanloop naar de bruiloft (zowel fysiek als digitaal). Dit heeft geresulteerd in prachtige foto's waar we nog vaak naar terug zullen kijken! Het bijzondere van de foto's is dat Rob in elke foto een verhaal heeft kunnen vertellen. (Dus niet de klassieke trouwfoto, maar ook spontane foto's die het verhaal van de bruiloft vertellen). Blij dat we voor Rob hebben gekozen om deze dag te fotograferen. Dank!",5,via Google
info@robveldman.nl,2025-05-20,Talitha,"We zochten een fotograaf die onze bruiloft zou vastleggen zoals we echt zijn – en we hadden ons geen betere fotograaf dan Rob kunnen wensen! Wat een fantastische foto's. Naast de kwaliteit is Rob ook een geweldige communicator, behulpzaam en gewoonweg heel leuk om de hele dag bij ons te hebben. Bedankt!",5,via Google
info@robveldman.nl,2025-10-13,Jelle,"Ik was al een tijdje op zoek naar een fotograaf om mijn verloving ""semi-spontaan"" vast te leggen. Ik had al een idee: mijn partner ten huwelijk vragen op de boulevard in Dwingelderveld. Rob was vanaf het begin erg behulpzaam: hij was flexibel met zijn data, maakte vooraf duidelijke afspraken met me en het resultaat is werkelijk prachtig. Nadat Rob discreet een paar foto's van het aanzoek had gemaakt, hadden we een heerlijke, mooie en vooral ontspannen fotoshoot. Het ging vanzelf, het was gewoon leuk. En de resultaten zijn indrukwekkend: samen zullen we nog jarenlang genieten van dit mooie moment en de foto's. Het is altijd lastig om van tevoren te bepalen of een fotograaf de ""juiste"" is voor jouw specifieke wens of een andere gelegenheid. Maar ik zou zeggen: neem contact op met Rob, en ik weet zeker dat je tevreden zult zijn!",5,via Google
info@robveldman.nl,2026-01-11,Romy,"Rob heeft een paar maanden geleden onze bruiloft gefotografeerd. We hebben bewust voor zijn documentaire-achtige fotografiestijl gekozen. We waren hier al dol op geweest bij andere bruiloften, en hij heeft het bij ons absoluut perfect gedaan.

Gedurende de hele dag was Rob ongelooflijk relaxed, attent, flexibel en op een goede manier onzichtbaar. Hij was er altijd op het juiste moment. Hij heeft momenten vastgelegd die je zelf niet eens zou hebben opgemerkt.
We hebben van veel van onze gasten gehoord hoe zeer ze Rob waarderen. En ze zeggen ook dat ze zijn foto's fantastisch vinden. En daar zijn we het helemaal mee eens. Dankjewel, Rob! Voor het fotograferen van onze bruiloft en het maken van het prachtige fotoalbum.",5,via Google
info@robveldman.nl,2025-11-10,Arno,"Rob heeft dit voorjaar onze bruiloft fantastisch vastgelegd! Hij wist een hele relaxte sfeer neer te zetten tijdens onze fotoshoot en die ontspanning is terug te zien in de foto's. De rest van de dag hebben we hem bijna niet opgemerkt, terwijl hij toch elke keer op de goeie plek stond om het moment vast te leggen. Zijn foto's zijn verhalend en weten de emotie van het moment te vangen als geen ander. Al met al, een fotograaf van de buitencategorie met foto's waar wij nog een levenlang van gaan nagenieten!",5,via Google
info@robveldman.nl,2025-12-10,Hannah,"Veel op het web gekeken en gezocht naar een fotoshoot/fotograaf. Er zijn veel opties te vinden. Voornamelijk veel (heel veel) hetzelfde soort ‘’genre’’. Lichte, statische foto’s, die ik persoonlijk vaak geforceerd vind overkomen. En dan is daar: Rob! Rob onderscheidt zich van de rest. Deze foto’s zijn zó warm, laten het dagelijkse leven zien, zijn realistisch. Op de foto gezet worden, voelt voor ons wat ongemakkelijk, maar Rob zorgt voor gemak en kan dit zo ontzettend mooi op de foto krijgen. De foto’s die wij dan ook terug kregen, zijn zoveel meer, dan alleen een foto. Ze zijn realistisch, warm en straalt het leven, zoals het is, uit. Met tranen in de ogen de foto’s gekeken.
Rob, bedankt!",5,via Google
info@romanodevries.nl,2018-05-13,Bas,"Bedankt Romano! Goed georganiseerd, zeer professioneel en prachtig resultaat. Weet warmte in de beelden te krijgen, wat zeker bij horeca zeer essentieel is.",5,via de website van de beeldmaker
info@romanodevries.nl,2018-12-13,Sanne,"Profesioneel en gezellig.
",5,via de website van de beeldmaker
info@romanodevries.nl,2018-11-14,Mitch,"Maakt Super strakke foto's super blij mee
",5,via de website van de beeldmaker
info@rutgervanderbent.nl,2025-10-14,Mirte,"Rutger is absoluut een aanrader als trouwfotograaf. Hij heeft onze bruiloft compleet gemaakt door schitterende en bijzondere foto’s te maken. De meest intieme en waardevolle momenten zijn vastgelegd — momenten die wij voor geen goud hadden willen missen. Rutger, wat heb jij een passie voor je vak. Dank je wel voor alles!",5,via de website van de beeldmaker
info@rutgervanderbent.nl,2025-11-18,Fonja & Kees,"Rutger heeft onze trouwdag onvergetelijk gemaakt met zijn prachtige foto’s. Zijn manier van werken is rustig en onopvallend; het lijkt soms alsof hij op de achtergrond aanwezig is, terwijl hij elk bijzonder moment vastlegt. Zijn natuurlijke en creatieve manier van fotograferen maakt de foto’s uniek en speciaal. Zeker een aanrader!",5,via de website van de beeldmaker
info@rutgervanderbent.nl,2026-01-13,Kassett,Altijd een goede sfeer in de studio mét een goed gevoel voor de juiste muziek bij een shoot! Wij zijn al meerdere malen voor publiciteitsfoto's bij Rutger geweest en zijn elke keer weer heel blij met het resultaat. Top prijs / kwaliteit verhouding ook!,5,via de website van de beeldmaker
irenanacaportraiture@gmail.com,2024-11-19,Merve Cakir,Fantastic session for families! Very professional & organized & patient with kids! 100% recommend and will be using her for all our photo sessions in NL.,5,via Google
irenanacaportraiture@gmail.com,2025-03-06,Aron Verwoord,"
Aron Verwoord
Local Guide • 36 reviews • 39 photos
starstarstarstarstar 13 Dec 2024
Irena is since three years our regular photographer for our family shoots.

We get to know Irena when our son was born and did a new born photoshoot with her.

She was able to capture our son perfectly and since that moment she captured our family every year with a special photoshoot.

The studio is amazing and she really takes her time to create the perfect atmosphere for capturing those special moments.

I can highly recommend her for your new born and family photoshoots.",5,via Google
irenanacaportraiture@gmail.com,2025-04-09,Emma,"Irena is super lief en neemt echt de tijd en aandacht voor je persoonlijke wensen en ze let op alle details en is erg perfectionistisch, waardoor je echt mooie resultaten krijgt. Ze doet het werk met heel veel liefde en passie en dat is te zien aan hoe mooi de foto’s uitkomen!!",5,via Google
irenanacaportraiture@gmail.com,2025-06-04,Subhra Datta,"We had an incredible experience with Irena during our newborn photoshoot. The whole atmosphere was warm, friendly, and cozy, making us feel completely at ease. Irena’s expertise and helpfulness truly stood out — we just brought our little one to her, relaxed, and she handled everything with such care and professionalism. Her communication was clear and straightforward throughout the process. Considering the quality and effort she puts into her work, her pricing is absolutely fair. The final photos turned out beautifully, and we’re so happy with the results! Will definitely recommend!",5,via Google
irenanacaportraiture@gmail.com,2025-06-19,Patricia Fortea de Arpe,We are so happy to have found Irena. We have done a pregnancy shoot and a newborn shoot so far and we are super happy with the results. The quality of her work is great and she goes above and beyond to meet our expectations. 100% recommend,5,via Google
irenanacaportraiture@gmail.com,2025-10-15,Nani Skrlec,"
Nani Skrlec
5 reviews • 11 photos
starstarstarstarstar 26 weeks ago
I got family photo shoot for my 50th birthday and it was the best gift ever. Working with Irena was really nice. She is very professional, easy going and friendly. It felt like we knew each other for a long time.
When Irena gave us the photos my eyes got teary.
I got a gift that I always wished for. Memories forever❤️",5,via Google
irenanacaportraiture@gmail.com,2025-10-14,Sandra Marq,"We had the most wonderful experience working with Irena. She is not only highly professional, but also incredibly talented in capturing emotions and details that make each photo so special. Every picture turned out perfect – full of warmth, beauty, and authenticity.
We honestly couldn’t be happier with the results and can wholeheartedly recommend her to anyone looking for stunning photography. ♥️",5,via Google
irenanacaportraiture@gmail.com,2025-12-16,Krea Lina,"I found Irena Naca on google by looking for a christmas setting for our holiday photos and feel jn lovewith the beautiful decoration she had, the booking was easy and fast also I had to change time due to a last time inconvenient and it was also very easy to do. We came there and we immediately like her vibe, the directions for how to pose and where to be where spot on when I saw the results of the photos. I am so happy with them, very nice work, I initially booked for 5 pictures but ended up choosing 10. Love all of them ❤️",5,via Google
irenanacaportraiture@gmail.com,2025-09-10,Blanka Simon,"Irena was amazing. My personality is really far from modeling, but with Irena, everything went so easily. I never thought I could look good in photos. I really appreciated the warm and kind atmosphere.",5,via Google
irenanacaportraiture@gmail.com,2025-10-15,Julieta Aleksanjan,"We had a newborn and family photoshoot with Irena, and the whole experience was truly heartwarming. From the moment we arrived, she made us feel completely at ease. She’s such a kind and caring person, patient, gentle, and with such a lovely, calm energy. What really stood out to us was the way she connected with our children. She was playful and warm, instantly winning their trust and turning the session into something they enjoyed. It never felt forced — just full of laughter, little moments, and pure joy.

Her professionalism and eye for detail were clear throughout. The photos turned out absolutely beautiful, natural, emotional, and so full of love. We couldn’t have asked for a better experience or a more talented person to capture these precious memories.

Highly, highly recommended! 💛",5,via Google
irenanacaportraiture@gmail.com,2025-12-17,Arthur Krebbers,"Irena did an excellent job on our recent family christmas photoshoot. She was able to capture a range of very nice, scenic photos during a fairly efficient session, before the young kids lost interest",5,via Google
irenanacaportraiture@gmail.com,2025-01-07,Joyce Jiaming Zhan,I love the family photos Irena did for our family! She is really good with kids and the photos of the kids looked so adorable. I highly recommend her!!!! We will be back for sure,5,via Google
isabelle.icuvisuals@gmail.com,2025-12-17,Hideout,"De content weerspiegelt perfect wat we voor ogen hadden: het gevoel van wakker worden in de jungle, omringd door natuur en stilte. Het vertelt ons echte verhaal en speelde een sleutelrol bij de lancering van onze nieuwste Hideout.",5,via LensLab
isabelle.icuvisuals@gmail.com,2024-02-13,Curve Villas,"We zijn ontzettend blij met het resultaat! De beelden geven een authentiek beeld van Curve Villas, net zoals het voelt om hier in het echt te zijn. We vonden het geweldig om met Isabelle samen te werken; de content is erg waardevol en is een belangrijk onderdeel van onze marketing geworden.",5,via de website van de beeldmaker
jill.hoven@hotmail.nl,2026-01-14,Ruurd,"Werken met Jill is een plezier. Ze legt op een natuurlijke manier momenten vast die je anders misschien zou missen, en transformeert ze tot prachtige herinneringen",5,via LensLab
jill.hoven@hotmail.nl,2025-12-18,Alain,"Jill weet precies hoe ze spontaniteit en emotie kan vangen. Haar foto’s zijn intiem, persoonlijk en laten de echte verhalen achter elk moment zien",5,via LensLab
jill.hoven@hotmail.nl,2025-12-15,Martine,"Voor zakelijke profielfoto’s kwam ik via LensLab bij Jill terecht. Ze stelt je direct op je gemak, werkt prettig samen en heeft veel oog voor detail, van houding en kleding tot achtergrond en licht. Ze geeft fijne aanwijzingen en denkt mee over poses en outfits. De shoot voelde natuurlijk aan en het resultaat zijn professionele foto’s van uitstekende kwaliteit. Zeer tevreden.",5,via Google
melissa_snijders@hotmail.com,2025-08-06,Manon,"Super leuke fotoshoot gehad! Toffe locatie Melissa was gezellig om mee te kletsen, heeft een chille vibe en onze kinderen voelden zich ook op hun gemak bij haar. Prachtige foto’s Melissa, nogmaals bedankt!",5,via de website van de beeldmaker
melissa_snijders@hotmail.com,2025-10-18,Denise,"Wauw! Wat een mooie foto's heeft Melissa van ons als gezin en onze newborn gemaakt. De afspraak was snel en makkelijk gemaakt en Melissa was hier erg flexibel in. Tijdens de shoot was het gezellig, hebben we gelachen en waren we op ons gemak met elkaar. En het resultaat.. waanzinnig! Melissa heeft echt hele mooie en vooral spontane momenten weten vast te leggen. Kortom, geweldig en zeker voor herhaling vatbaar!",5,via de website van de beeldmaker
melissa_snijders@hotmail.com,2026-02-09,Trudy,"Super goede, professionele en vriendelijke fotografe. Erg geduldig en alles is mogelijk!! Een gezins shoot gehad, een familie shoot gehad, een cake smash gehad en fotografe voor onze bruiloft! Wij hadden niet beter kunnen wensen!! Iedere keer voelde het weer als een gezellig uitje!!
Voor een ongedwongen shoot en super mooie resultaten moet je absoluut bij Melissa zijn!",5,via de website van de beeldmaker
melissa_snijders@hotmail.com,2025-12-10,Cindy,"Gisteren een super leuke shoot gehad met Melissa met mijn vriend en ons hondje. Melissa is echt een topper in het fotograferen want ondanks dat onze Ferro erg veel energie had, wist ze hem toch waanzinnig mooi op de foto’s te krijgen! Super blij met de foto’s!",5,via de website van de beeldmaker
melissa_snijders@hotmail.com,2025-08-12,Charelle,"Wat een leuke ervaring een zwangerschapsshoot door Melissa! Ze heeft leuke ideeën over locaties en is creatief. Ook heel fijn, ze stelt je ontzettend op je gemak. Een hele leuke ochtend en super blij met het resultaat!",5,via de website van de beeldmaker
melissa_snijders@hotmail.com,2025-09-14,Monique,Leuke zwangerschapsshoot gehad met Melissa! Erg fijne ervaring. Gezellig en relaxte sfeer met een mooie set foto’s als resultaat.,5,via de website van de beeldmaker
melissa_snijders@hotmail.com,2025-10-16,Stephanie,"Zondag met ons dochtertje een cakesmash gehad bij Melissa. Echt ontzettend leuk en ze is heel geduldig, aangezien ons meisje in het begin even geholpen moest worden. Ze probeert het allerbeste uit de shoot te halen. Het is een topper! Ga zo door, je doet het super goed. Liefs stephanie.",5,via de website van de beeldmaker
melissa_snijders@hotmail.com,2025-10-12,Mar,"Wij hebben een fantastische cakesmash shoot gehad bij de ontzettend lieve en getalenteerde fotografe Melissa. Vanaf het eerste moment voelden we ons op ons gemak. Ze is zó geduldig en liefdevol met kinderen. Je merkt meteen dat ze dit met hart en ziel doet. Haar passie voor fotografie straalt van alles af, en dat zie je ook terug in de prachtige foto’s die ze maakt.

Ze nam echt de tijd voor ons, dacht mee, en creëerde een fijne, ontspannen sfeer waarin ons kleintje helemaal zichzelf kon zijn. Een prachtige ervaring die we niet snel zullen vergeten. Echt een aanrader.",5,via de website van de beeldmaker
monique@mvdsfotografie.nl,2026-02-04,Sigrid,We hebben een hele gezellige en spontane fotoshoot gehad. Foto's zijn werkelijk heel mooi geworden. Heel warm van kleur. Ontzettend blij met deze fotos! Bedankt voor deze prachtige herinnering.,5,via Google
monique@mvdsfotografie.nl,2026-02-19,Marcello,"Monique is een zeer fijne fotograaf om mee te werken, enthousiast en bekwaam. Je kunt op haar bouwen en ze maakt van elke shoot een feestje",5,via Google
monique@mvdsfotografie.nl,2026-02-19,Michel,Wat een mooie foto's! Echt heel mooi!! Dank je wel! Kan niet stoppen met ernaar kijken.,5,via Google
renzaphotography@outlook.com,2024-07-17,Lisanne,"Suraya neemt de tijd om je op je gemak te stellen, is rustig, kijkt goed en komt met creatieve ideeën en sluit tegelijkertijd goed aan bij onze wensen. Na afloop stuurde ze snel de mooie foto's en ik ben erg blij met het resultaat. Absolute aanrader!",5,via Google
renzaphotography@outlook.com,2024-05-22,Ryanne,"Suraya weet van aanpakken. Ze beoordeelde eerst plekken in huis en had toen direct veel ideeën voor de mooiste foto’s. Ze is creatief en laat je op je gemak voelen, heel erg fijn. Zou haar absoluut aanbevelen!",5,via Google
renzaphotography@outlook.com,2025-07-15,Tayler,"Ik kan Suraya van harte aanbevelen! Ze was zo lief en geduldig met mijn gezin, inclusief mijn pasgeboren baby. De foto's waren prachtig en werden snel en gemakkelijk geleverd! Ze is erg getalenteerd. Dankjewel!!",5,via Google
renzaphotography@outlook.com,2025-02-09,Kyla,"We hebben het grote genoegen gehad om Suraya de afgelopen vier jaar onze familiefoto's te laten maken, en elke ervaring was ronduit perfect. Vanaf het allereerste jaar stelde ze ons volledig op ons gemak en legde ze niet alleen momenten vast, maar ook emoties en verbindingen die we koesteren. De foto's zijn altijd prachtig, vol warmte, vreugde en een artistieke touch die Suraya echt onderscheidt. Suraya kijkt verder dan de lens en brengt de unieke persoonlijkheden van elk lid van ons gezin naar voren – vooral die van onze kinderen. De resultaten zijn altijd authentiek en vol leven, waardoor we de gelukkige momenten herbeleven wanneer we naar onze foto's kijken. We koesteren elke foto die Suraya door de jaren heen voor ons heeft gemaakt. De consistentie en kwaliteit zijn simpelweg ongeëvenaard. We zijn zo dankbaar voor de prachtige herinneringen die ze ons heeft gegeven en kijken uit naar nog vele jaren vol dierbare foto's samen. Ik beveel haar van harte aan!",5,via Google
renzaphotography@outlook.com,2025-12-08,Cariena,"Suraya was ontzettend lief en geduldig met onze pasgeborene en peuters. Ze maakte prachtige foto's van de pasgeborenen die we voor altijd zullen koesteren. Doordat ze bij ons thuis kwam, was de ervaring heel rustig en comfortabel. Een echte aanrader!",5,via Google
renzaphotography@outlook.com,2024-02-19,Dyonne,"De communicatie verliep snel en soepel. Ze kwam op tijd, nam de tijd voor een korte kennismaking en had totaal geen haast tijdens de shoot (ondanks dat er tussendoor gevoed moest worden). Met een naar ons idee simpele omgeving en weinig extra's wist Suraya prachtige foto's te maken. Helemaal naar ons zin!",5,via Google
sophieroessingh@hotmail.com,2026-04-18,Esther,"Voor prachtige natuurlijke, maar professionele fotografie moet je bij Sophie zijn! Ze zoekt echt naar “jou” in haar foto’s. Of het moment. Dat is prachtig om te zien!",5,via Google
sophieroessingh@hotmail.com,2025-07-15,Maria,"Lieve Sophie, de day after… Wat heb ik voor en achter de schermen ontzettend van jou kunnen genieten. Wat was je mooi in verbondenheid. Als professioneel fotograaf, als moeder en als mens. Dank je wel.
Marianne de Pagter",5,via de website van de beeldmaker
sophieroessingh@hotmail.com,2025-11-02,Esther,"Ik ben een van die internationale bloggers en schrijvers die niet zo van zelf voor de camera staan houdt! Liever laat ik de sieraden van anderen schitteren of vertel ik mensen, zowel b2c als b2b meer over retail sales-en marketing in de internationale luxury en juwelenindustrie. Voor mijn blog Bizzita.com had ik niet veel nodig, maar voor mijn social media headshots wel. Daarnaast schrijf ik voor vakbladen, die een goede professionele foto willen. Ik vroeg Sophie vanwege het werk dat ik al van haar gezien had bij DierenDokters. Heel natuurlijke fotografie, geen opschmuck en toch veel gevoel voor kleur, detail, emoties, moment. Nu heb ik een vol portfolio met foto’s die ik inzet naar gelang het medium waarop ze geplaatst moeten worden! Sophie, je bent een natuurtalent en heerlijk om mee te werken!",5,via de website van de beeldmaker
sophieroessingh@hotmail.com,2025-11-11,Marjolein,"Onze vraag aan Sophie was ons te portretteren in ons huis waar we 10 jaar hebben gewoond, veel aan hebben verbouwd en dat we binnenkort achter ons laten. En dat is gelukt! In een uur maakte ze prachtige heldere foto’s van ons drieën, hoe we nu zijn, wat we nu doen, en met ons huis en onze tuin net zo belangrijk in beeld. Haar verschillende speelse invalshoeken zorgen voor leuke en mooie foto’s.",5,via de website van de beeldmaker
sophieroessingh@hotmail.com,2026-02-03,Liane & Ruben,"Via een flyer bij de Albert Heijn in Rhenen zijn we in contact gekomen met Sophie. Daarna hebben we een kennismakinggesprek gevoerd, dat is goed bevallen en Sophie nam uitgebreid de tijd om elkaar te leren kennen. Tijdens het gesprek had Sophie een voorbeeld album van bruiloftsfotografie meegenomen, op die manier konden we voorbeelden bedenken wat voor soort foto’s we wilden. Daarna hebben we een loveshoot ingepland, daarbij konden we alvast aan elkaar wennen. Al snel hadden we de foto’s op de mail, we hebben een aantal foto’s uitgekozen en deze in een lijst gedaan. Voorafgaand van onze dag hebben we nog een afspraak gehad om de details van de dag door te nemen. Op de dag zelf was Sophie op al vroeg aanwezig en nam zij de tijd om foto’s te maken, zoals mijn moeder zei; ‘Op een gegeven moment hoorde ze er even bij, zo voelde het.’ Gedurende de dag leek het alsof Sophie haast onzichtbaar was, ze ging op tussen de gasten en heeft zonder dat je het door hebt schitterende foto’s gemaakt. Sophie, bedankt voor de fijne samenwerking en het prachtige resultaat!",5,via de website van de beeldmaker
vita@bakeapicture.nl,2026-02-13,Karin,"Een hele fijne samenwerking met Vita gehad. Ze is snel, enthousiast en denkt in oplossingen. Chapeau!",5,via Google
vita@bakeapicture.nl,2025-08-14,Robin,"Ontzettend blij met de samenwerking met Vita! Voor onze merken BioToday, Consenza en Better Pete weet ze de merkidentiteit perfect vast te leggen. De foto's zijn echt prachtig; WAUW! 😍 De samenwerking is ook fijn: ze luistert goed naar onze wensen en denkt echt met ons mee. Ook het moodboard helpt enorm om op één lijn te zitten. Aanrader!",5,via Google
vita@bakeapicture.nl,2026-02-18,Jens,"Een echte topper! Vita bereidt zich van A tot Z goed voor, neemt je mee in beeldvorming en moodboards om het gevoel en de richting van de shoot te bepalen. Ze heeft goede styling en oog voor details. Ze weet echt het beeld te verheerlijken. Een lekkere samenwerking!",5,via de website van de beeldmaker
vita@bakeapicture.nl,2025-08-07,Sam,"Great experience working with Vita, can only recommend!",5,via Google
wahid@wfstudios.nl,2026-02-19,Fleur,"Fleur kwam naar Wahid omdat zij op zoek was naar écht opvallende en unieke foto's. Foto's die haar beperking in de spotlight zetten. Samen zijn zij gaan brainstormen en ontstond er een bijzonder concept. 
Van begin tot eind was alles goed geregeld door Wahid. ",5,via de website van de beeldmaker
wahid@wfstudios.nl,2025-12-19,Lesley Rowan,Mega blij met het resultaat! Wahid geeft duidelijke instructies en zorgt er op die manier voor dat iedereen snel op zijn gemak is. Dit resulteert dus ook in blije gezichten op de foto’s. Daarnaast was het ook belangrijk dat we professionele profiel foto’s kunnen uploaden op LinkedIn. Ook daar zijn de resultaten precies wat we voor ogen hadden.,5,via Google
wahid@wfstudios.nl,2026-02-19,Thijs,"Waar ik het eerst moeilijk vond om foto’s van mezelf te delen, durf ik het nu wel aan. Wahid is een tovenaar met het licht, ik ken niemand die foto's maakt zoals hij!",5,via Google
wahid@wfstudios.nl,2026-02-19,Yuri,Wahid is iemand die mijn behoeften als freelance marketeer goed begreep. Hij heeft voor herkenbaarheid gezorgd op mijn website en LinkedIn.,5,via de website van de beeldmaker